finding_id,bug_title,source_pdf,batch_date,pass1_tier,justification,candidate_ids
T01,Unfixed pragma,Mystic Games Smart Contract Audit Report - QuillAudits.pdf,2026-09-25,2,"The finding highlights the use of a floating pragma, which is not explicitly addressed in the catalog. While [TOOL-088] covers incorrect Solidity versions, it does not specifically warn against floating pragmas, making this a gap in coverage.","TOOL-156, TOOL-086, TOOL-088, TOOL-185, TOOL-076"
T02,Open Solidity Pragma,review.pdf,2026-10-03,2,"The issue is about the potential risk of using an open Solidity pragma, which is not a specific vulnerability but a best practice recommendation. No catalog entry specifically addresses the risk of using an open pragma. The closest entry, [TOOL-088] Incorrect versions of Solidity, focuses on using outdated or complex pragma statements, but does not specifically address the risk of open pragmas.","TOOL-088, TOOL-086, TOOL-156, TOOL-185, TOOL-082"
T03,CVF-147: Void constructor.,ReyaLabs_ReyaNetworkPartII_v_2_0.pdf,2026-10-03,2,"No specific entry in the catalog matches this exact issue. The closest is [TOOL-065] Void constructor, but it is broader and does not specifically mention the context of critical parameters.","TOOL-065, TOOL-006, TOOL-148, TOOL-166, TOOL-090"
T04,Contract locks Ether without a withdrawal mechanism,Mute Audit Report - QuillAudits.pdf,2026-09-25,2,"The issue of the contract locking Ether without a withdrawal mechanism is a specific scenario where the `execute` function is marked as payable, but no withdrawal function is provided. While TOOL-035 (Contracts that lock Ether) is a close match, it does not specifically address the payable function without a withdrawal mechanism, which is a more specific and critical issue.","TOOL-035, TOOL-020, TOOL-183, TOOL-017, TOOL-182"
T05,Contract completely locks Ether and fails to provide a way to Unlock it,Rand Smart Contract Audit Report - QuillAudits.pdf,2026-10-03,2,"The finding involves a constructor marked as payable without a withdrawal mechanism, which is not explicitly covered by [TOOL-035] (Contracts that lock Ether) or other entries. While [TOOL-035] describes contracts with payable functions and no withdrawal, it does not address constructors specifically, creating a matching gap.","TOOL-035, TOOL-020, TOOL-017, TOOL-183, TOOL-065"
T06,ERC20 approve() race-condition,AVX Smart Contract Audit Report - QuillAudits.pdf,2026-09-29,2,"The race condition in the `approve()` function is a known issue in ERC20 tokens, but it is not a reentrancy vulnerability in the traditional sense. The closest entries in the catalog, such as [TOOL-024], [TOOL-025], and [TOOL-072], focus on reentrancy vulnerabilities involving Ether, which is not the case here. The issue is more about the ordering of transactions and the potential for front-running, which is a different mechanism. None of the catalog entries specifically address this race condition in the `approve()` function.","TOOL-173, TOOL-236, TOOL-140, TOOL-197, TOOL-080, TOOL-024, TOOL-025, TOOL-072"
T07,Approve Race,99Starz Smart Contract Audit Report - QuillAudits.pdf,2026-09-26,2,"The Approve Race issue is a specific type of racing condition that is not directly related to reentrancy, and the closest taxonomy entries ([TOOL-024], [TOOL-025], [TOOL-051], [TOOL-071], [TOOL-072]) are not applicable. The issue is related to the standard ERC20 implementation, and the 99Starz team has fixed it by restricting users to use approve only when the amount is zero or less than zero, and by changing the approve function to use increaseAllowance and decreaseAllowance functions.","TOOL-173, TOOL-070, TOOL-136, TOOL-176, TOOL-236, TOOL-024, TOOL-025, TOOL-051, TOOL-071, TOOL-072"
T08,Lack of return value check on transfer and transferFrom,88mph.pdf,2026-09-26,2,"No entry in the catalog specifically addresses the lack of return value checks on `transfer` and `transferFrom`. The closest entry, [TOOL-028] Unchecked transfer, only covers the return value of `transferFrom` and not `transfer`.","TOOL-028, TOOL-145, TOOL-055, TOOL-057, TOOL-198"
T09,Insecure Authentication Through tx-sender,2022-07 Stxdx-v1.pdf,2026-09-26,1,"The issue involves insecure authentication through `tx-sender` in Clarity, which is not covered by any catalog entry. The closest entry, [TOOL-053] Dangerous usage of `tx.origin`, does not apply because `tx-sender` in Clarity differs from `tx.origin` in Solidity. The issue is structurally out of scope as it involves cross-contract interactions and off-chain components.","TOOL-053, TOOL-141, TOOL-196, TOOL-002, TOOL-016"
T10,Authentication with tx-sender,CoinFabrik-MemeGoat_Audit-2024-09.pdf,2026-09-29,1,"The finding involves cross-contract authentication patterns where tx-sender is used instead of contract-caller, creating phishing risks. This requires analyzing interactions between multiple contracts, which is structurally out of scope for all tools in the catalog that only analyze single contracts in isolation. While [TOOL-053] (Dangerous usage of `tx.origin`) is related, it does not cover the specific misuse of tx-sender in Clarity contracts.","TOOL-053, TOOL-002, TOOL-196, TOOL-141, TOOL-016"
T11,Function felt_sub(...) may be insecure,NM0057 - FINAL_SITHSWAP.pdf,2026-09-25,2,"This finding is specific to Cairo felt operations, which are not covered by any of the entries in the catalog. The closest entries, such as [TOOL-021] Incorrect exponentiation and [TOOL-031] Dangerous enum conversion, deal with Solidity-specific issues and do not apply to Cairo. The mechanism of the issue is fundamentally different, as it involves a different language and runtime environment.","TOOL-031, TOOL-021, TOOL-086, TOOL-085, TOOL-052"
T12,Incorrect rounding during next tick calculation affects swap,NM0180-FINAL_JEDISWAP.pdf,2026-09-25,2,"No entry in the catalog matches this specific mechanism. The issue involves a specific rounding behavior in arithmetic operations that is not covered by any of the documented checks in the catalog. The closest entries considered (e.g., [TOOL-048] Divide before multiply, [TOOL-074] Block timestamp) do not address the specific rounding behavior in the Cairo language, which is not a typical target for single-contract static or symbolic analysis tools.","TOOL-074, TOOL-151, TOOL-177, TOOL-225, TOOL-029, TOOL-048"
T13,CVF-1. Negative values bypass range checks in circuit,ABDK_Herodotus_Herodotus_v_3_0.pdf,2026-09-27,1,"This finding involves circuit logic in Cairo (utils.cairo) where negative values could bypass range checks, which is structurally out of scope for all Solidity-focused tools in the catalog as it requires analysis of Cairo bytecode rather than Solidity contracts.","TOOL-197, TOOL-177, TOOL-031, TOOL-085, TOOL-152"
T14,Risks Of Source And Destination Chain Configuration Mismatch,Sigma_Prime_Omni_rlUSD_Brdige_Security_Assessment_Report_v2_0.pdf,2026-10-03,1,"This issue involves the risk of configuration mismatch between source and destination chains, which is a complex scenario involving multiple chains and configurations. The closest catalog entries (TOOL-050, TOOL-066, TOOL-236) do not specifically cover the issue of configuration mismatch between different chains. This is a cross-chain and off-chain configuration problem, making it structurally out of scope for single-contract tools.","TOOL-162, TOOL-113, TOOL-129, TOOL-102, TOOL-186, TOOL-050, TOOL-066, TOOL-236"
T15,Disabling an asset via STBL_Register::disableAsset with active deposits can DOS user withdrawals,2025-09-05-cyfrin-stbl-v2.0.pdf,2026-09-27,1,"This finding involves a protocol state management issue that is structurally out of scope for single-contract static or symbolic tools. The closest catalog entries are [TOOL-070] Missing zero address validation and [TOOL-071] Reentrancy vulnerabilities, but these are not applicable as they deal with zero address validation and reentrancy, not state management.","TOOL-070, TOOL-071, TOOL-013, TOOL-094, TOOL-011"
T16,EDA-01: Incorrect HTTP Header Key In JSON Response,Sigma_Prime_EigenLayer_DA_Secure_Integration_Security_Assessment_Report_v2_0.pdf,2026-10-03,1,"This finding is related to a Go programming language issue and does not have a direct equivalent in the provided detector catalog, which focuses on Solidity and smart contract security. The closest catalog entries are [TOOL-074] Block timestamp, [TOOL-075] Assembly usage, and [TOOL-076] Assert state change, but these are all Solidity-specific and do not apply to Golang. Therefore, this finding is structurally out of scope for the catalog.","TOOL-076, TOOL-074, TOOL-075, TOOL-109, TOOL-151"
T17,Rounding issues in joinPool/exitPool allow for a negligible amount of free pool tokens,BalancerCore.pdf,2026-09-29,1,"This finding involves arithmetic precision issues in pool operations, which does not align with [TOOL-048] Divide before multiply or [TOOL-092] Costly operations inside a loop. The issue is not structurally out of scope but represents a matching gap in the catalog.","TOOL-092, TOOL-066, TOOL-023, TOOL-149, TOOL-020, TOOL-048"
T18,Missing deposit token validation,2024.10.27 - Final - Orderly Solana Vault Contract Audit Report.pdf,2026-09-26,1,"The finding involves cross-chain token validation, which is structurally out of scope for single-contract static or symbolic tools. The catalog entries focus on single-contract vulnerabilities and do not cover cross-chain mechanisms.","TOOL-070, TOOL-186, TOOL-015, TOOL-084, TOOL-211"
T19,TOB-UNIMOB-003: Low-entropy keys used for encrypting wallet files,UniswapMobileWallet-securityreview.pdf,2026-10-03,2,"The detector catalog does not include an entry that explicitly addresses the issue of using low-entropy keys for encrypting wallet files. While some catalog entries, such as TOOL-029 (Weak PRNG), discuss related issues, they do not directly cover the specific problem of low-entropy keys. Therefore, this finding is not covered by the provided detector catalog.","TOOL-029, TOOL-054, TOOL-083, TOOL-154, TOOL-198"
T20,Costly loops leading to DOS attack,Relay Smart Contract Audit Report - QuillAudits.pdf,2026-10-03,2,"This issue is about the role owner having the authority to update critical settings, which could lead to a Denial of Service (DoS) attack. While tools like Slither's [TOOL-092] Costly operations inside a loop can detect costly operations inside loops, they do not specifically address the governance and design issues that can lead to a DoS attack. The specific concern here is the potential for a governance account to be misused, which is a higher-level issue that is not covered by the catalog entries.","TOOL-092, TOOL-066, TOOL-023, TOOL-020, TOOL-149"
T21,Insufficient validation of coordinates can lead to double registration of a regeneration area,NM_0612_REGENERATION_CREDIT_FINAL.pdf,2026-09-25,2,"No entry in the catalog specifically addresses the issue of double registration of areas. The closest entries (e.g., [TOOL-011] State variable shadowing, [TOOL-014] Uninitialized storage variables) do not cover the specific mechanism of coordinate validation. The issue involves real-world assets and off-chain validation, which is beyond the scope of single-contract static or symbolic tools.","TOOL-014, TOOL-235, TOOL-011, TOOL-013, TOOL-091"
T22,Contract can be initialized multiple times (static_a_token.cairo),NM0054-FINAL_AAVE_PROTOCOL_L2.pdf,2026-09-25,2,"No specific entry in the catalog covers the lack of initialization checks. While [TOOL-006] Multiple constructor schemes is similar, it does not specifically address the need for a check to prevent multiple initializations.","TOOL-006, TOOL-065, TOOL-107, TOOL-132, TOOL-148"
T23,Provider would not be able to withdraw earnings if providerRewardWallet is a contract address,SpheronV1 Smart Contract Audit Report - QuillAudits.pdf,2026-10-03,2,"This finding describes a specific edge case where the provider cannot withdraw earnings if the `providerRewardWallet` is a contract address. No catalog entry specifically addresses this scenario. The closest entries, such as [TOOL-017] Functions that send Ether to arbitrary destinations and [TOOL-054] Unchecked low-level calls, focus on general issues with sending Ether and low-level calls, but do not cover this specific edge case.","TOOL-017, TOOL-054, TOOL-083, TOOL-198, TOOL-191"
T24,Swap-and-pop without index fix-up,2025-09-01-cyfrin-licredity-v2.0.fv.pdf,2026-09-27,2,"No existing tool detects failures to maintain index mappings during array operations. This is a protocol-specific invariant about maintaining consistency between an array and mapping. The closest catalog entry is [TOOL-036] Deletion on mapping containing a structure, but that is about deletion semantics, not index tracking.","TOOL-036, TOOL-122, TOOL-123, TOOL-018, TOOL-128"
T25,Users may lose funds when they deposit/wrap USR into WstUSR,2024.12.02 - Final - Resolv Core Audit Report.pdf,2026-09-26,3,"The issue involves a complex economic manipulation of share prices and the offset mechanism in the stUSR and WstUSR contracts. None of the catalog entries specifically cover this mechanism, as they focus on reentrancy, oracle manipulation, or other specific code patterns. The closest entries (reentrancy and oracle manipulation) do not match the specific economic and logical interaction described in the finding.","TOOL-212, TOOL-211, TOOL-072, TOOL-071, TOOL-045"
T26,Missing condition filters in outlier resolver,Circuit DAO - Zellic Audit Report.pdf,2026-09-29,3,"The finding is similar to the previous one but specific to the outlier resolver. The issue involves missing condition filters, which is not directly covered by any catalog entry. The context of the outlier resolver is unique and not addressed by the general condition check entries.","TOOL-197, TOOL-173, TOOL-236, TOOL-096, TOOL-102"
T27,Serialized VersionedData struct’s data is ambiguous,2023-11-ockam-designreview.pdf,2026-09-26,3,"This finding is about the ambiguity in the serialized data structure, which could lead to misinterpretation. None of the catalog entries specifically address data serialization ambiguity, and the tools are not designed to detect such issues.","TOOL-036, TOOL-134, TOOL-194, TOOL-112, TOOL-111"
T28,challengeRootL2Block called between resolveClaim and resolve would result in incorrect GameStatus and state,Base-Spearbit-Security-Review-August-2024.pdf,2026-09-29,3,"This issue is related to the specific logic of the dispute game and the interaction between different game states. It is not a local, single-contract defect that can be detected by the tools in the catalog. None of the catalog entries specifically cover this type of game logic manipulation or state interaction.","TOOL-104, TOOL-013, TOOL-011, TOOL-091, TOOL-130"
T29,Insufficient remaining_accounts for optional DVNs,LayerZero Solana Endpoint - Zellic Audit Report.pdf,2026-10-03,3,"The finding is specific to the Solana blockchain and the mechanism of insufficient `remaining_accounts` for optional DVNs, which is not covered by any of the catalog entries. The closest entries are related to costly operations inside loops, but they do not apply to the Solana-specific `remaining_accounts` mechanism.","TOOL-092, TOOL-124, TOOL-066, TOOL-023, TOOL-149"
T30,A malicious bidder could drain the Auction contract,Plaza Core Protocol - Zellic Audit Report.pdf,2026-10-03,2,"This finding involves a malicious bidder exploiting the Auction contract. The closest entries in the catalog are [TOOL-024] and [TOOL-025] (Reentrancy vulnerabilities), but these focus on reentrancy involving Ether. The issue here is more about a bidder exploiting the contract's logic, which is not a reentrancy issue. No other entry in the catalog matches this specific mechanism.","TOOL-140, TOOL-053, TOOL-051, TOOL-071, TOOL-025, TOOL-024"
